{
    "-MBJxU7rVAPGD4LuyQaL":[{
       "description":"New Task Added..",
       "priority":"high",
       "shortDescription":"This task is added to check live update",
       "status":"done"
    }],
    "-MBJy1c-3E68mW3H30h0":[{
       "description":"Lets do something",
       "priority":"high",
       "shortDescription":"Having fun while creating task like this",
       "status":"done"
    }],
    "-MBOYCEUzh5VZ8n_cGr":[{
       "description":"New Task 01",
       "priority":"high",
       "shortDescription":"Testing functionality again",
       "status":"inprogress"
    }]
 }